id,y_true,y_pred,absolute_procentage_error
9826,109000.0,130087.40625,19.346244266055045
4519,1285000.0,1281983.75,0.23472762645914397
14446,2240000.0,2188758.5,2.2875669642857144
9577,1800000.0,2212798.25,22.93323611111111
4981,1300000.0,1493058.625,14.85066346153846
3287,1050000.0,1088601.125,3.6762976190476193
